id,username,email,password_hash,created_at
1,john_doe,john@example.com,5e884898da28047151d0e56f8dc6292773603d0d6aabbdd62a11ef721d1542d8,2024-01-01 10:00:00
2,jane_smith,jane@example.com,5e884898da28047151d0e56f8dc6292773603d0d6aabbdd62a11ef721d1542d8,2024-01-01 10:00:00
3,mike_wilson,mike@example.com,5e884898da28047151d0e56f8dc6292773603d0d6aabbdd62a11ef721d1542d8,2024-01-01 10:00:00
4,sarah_jones,sarah@example.com,5e884898da28047151d0e56f8dc6292773603d0d6aabbdd62a11ef721d1542d8,2024-01-01 10:00:00
5,alex_brown,alex@example.com,5e884898da28047151d0e56f8dc6292773603d0d6aabbdd62a11ef721d1542d8,2024-01-01 10:00:00
6,emma_davis,emma@example.com,5e884898da28047151d0e56f8dc6292773603d0d6aabbdd62a11ef721d1542d8,2024-01-01 10:00:00
7,david_lee,david@example.com,5e884898da28047151d0e56f8dc6292773603d0d6aabbdd62a11ef721d1542d8,2024-01-01 10:00:00
8,lisa_wang,lisa@example.com,5e884898da28047151d0e56f8dc6292773603d0d6aabbdd62a11ef721d1542d8,2024-01-01 10:00:00
9,tom_chen,tom@example.com,5e884898da28047151d0e56f8dc6292773603d0d6aabbdd62a11ef721d1542d8,2024-01-01 10:00:00
10,anna_kim,anna@example.com,5e884898da28047151d0e56f8dc6292773603d0d6aabbdd62a11ef721d1542d8,2024-01-01 10:00:00
